{"cameraMode":{"drawMode":0,"name":"Shaded","section":"Shading Mode"},"sceneLighting":true,"audioPlay":false,"sceneViewState":{"m_AlwaysRefresh":false,"showFog":true,"showSkybox":true,"showFlares":true,"showImageEffects":true,"showParticleSystems":true,"showVisualEffectGraphs":true,"m_FxEnabled":true},"in2DMode":false,"pivot":{"x":9.803221702575684,"y":1.1344484090805054,"z":2.884366512298584},"rotation":{"x":-0.0000033518033433210805,"y":0.456185907125473,"z":0.0000063720749494677879,"w":-0.8899033665657044},"size":5.830699920654297,"orthographic":false}